{
  "project_info": {
    "project_number": "767102612053",
    "project_id": "komika-44917",
    "storage_bucket": "komika-44917.appspot.com"
  },
  "client": [
    {
      "client_info": {
        "mobilesdk_app_id": "1:767102612053:android:f8fdf3bb5e6718fd7e5adc",
        "android_client_info": {
          "package_name": "com.Beta0.starCollections"
        }
      },
      "oauth_client": [],
      "api_key": [
        {
          "current_key": "AIzaSyDgWmIwuNkschSM4BY9CWEOPrgb59UiZoM"
        }
      ],
      "services": {
        "appinvite_service": {
          "other_platform_oauth_client": []
        }
      }
    },
    {
      "client_info": {
        "mobilesdk_app_id": "1:767102612053:android:d5a533fadd22e12a7e5adc",
        "android_client_info": {
          "package_name": "com.example.additems3"
        }
      },
      "oauth_client": [],
      "api_key": [
        {
          "current_key": "AIzaSyDgWmIwuNkschSM4BY9CWEOPrgb59UiZoM"
        }
      ],
      "services": {
        "appinvite_service": {
          "other_platform_oauth_client": []
        }
      }
    }
  ],
  "configuration_version": "1"
}